{
  "trades": 72,
  "win_rate": 44.44444444444444,
  "total_return_pct": -1.23695,
  "nifty_return_pct": 5.649227348098875,
  "alpha": -6.886177348098875
}