{
  "trades": 47,
  "win_rate": 46.808510638297875,
  "total_return_pct": -1.6802920000000041,
  "nifty_return_pct": 0.1228159150717862,
  "alpha": -1.8031079150717904
}