{
  "trades": 56,
  "win_rate": 64.28571428571429,
  "total_return_pct": -0.6291079999999959,
  "nifty_return_pct": 0.1228159150717862,
  "alpha": -0.7519239150717821,
  "starting": 500000,
  "final": 496854.46
}