{
  "trades": 120,
  "win_rate": 60.83333333333333,
  "total_return_pct": -3.9384839999999968,
  "nifty_return_pct": 5.649227348098875,
  "alpha": -9.587711348098871,
  "starting": 500000,
  "final": 480307.58
}